N,off_unknown,on_wang_guess1,on_naive,on_naive+
90.05244312247743,70.4894639845215,58.23751850185189,52.16256361585486,44.702614629851524
180.10488624495483,140.97892796996825,117.24070713128802,103.2272098985614,88.05531942184402
