N,off_unknown,on_wang_guess1,on_naive,on_naive+
12.938160295491997,24.240467032784483,14.690564276826427,18.372112102409332,19.269137739773605
25.876320590983994,40.81403266918147,30.53353066456846,33.57694773388158,34.487646776751696
